40_60_bw.xml,Null heuristic,Count possible paths,Stick to walls,Stick to other paths,Stick to path or wall,Linear combination
Top to bottom,-1,-1,-1,-1,-1,-1
MRV,-1,-1,-1,-1,-1,-1
Small to big,-1,-1,-1,-1,-1,-1
LCV,21.042580127716064,21.398313999176025,20.676285982131958,7.060713291168213,20.995417594909668,9.048325300216675
By bullets,41.34185481071472,49.800318479537964,16.023844957351685,39.77139759063721,32.82395267486572,20.839484930038452
By color,-1,-1,-1,-1,-1,-1
