5_10_bw_1.xml,Null heuristic,Count possible paths,Stick to walls,Stick to other paths,Stick to path or wall,Linear combination
,0.011516332626342773,0.012527942657470703,0.08073782920837402,0.009339094161987305,0.08699321746826172,0.022911787033081055
